{"classes": ["Apple___Apple_scab", "Apple___Black_rot", "Apple___Cedar_apple_rust", "Apple___healthy", "Grape___Black_rot", "Grape___Esca_(Black_Measles)", "Grape___Leaf_blight_(Isariopsis_Leaf_Spot)", "Grape___healthy", "Pepper,_bell___Bacterial_spot", "Pepper,_bell___healthy", "Tomato___Bacterial_spot", "Tomato___Early_blight", "Tomato___Late_blight", "Tomato___Leaf_Mold", "Tomato___Septoria_leaf_spot", "Tomato___Spider_mites Two-spotted_spider_mite", "Tomato___Target_Spot", "Tomato___Tomato_Yellow_Leaf_Curl_Virus", "Tomato___Tomato_mosaic_virus", "Tomato___healthy"], "num_labels": 20, "class_weights": {"17": 5.201978719432518, "10": 13.101551480959097, "12": 14.605345911949685, "14": 15.735177865612648, "15": 16.62708830548926, "3": 16.940425531914894, "19": 17.515399120050283, "9": 18.854533152909337, "16": 19.8482905982906, "5": 20.149674620390456, "4": 23.616101694915255, "6": 25.898698884758364, "11": 27.867, "8": 27.95085255767302, "13": 29.272058823529413, "0": 44.233333333333334, "1": 44.8743961352657, "7": 65.87943262411348, "18": 74.71045576407506, "2": 101.33454545454545}}